Orthogroup,n_branches,n_sig,sig_branches,fraction_sig,gene_name,gene,p-value,LRT,p-value_e,LRT_e,fdr,fdr_e
OG0002065,6,4,"['Buteo_buteo', 'Falco_peregrinus', 'Hirundo_rustica', 'Passer_domesticus']",0.6666666666666666,LOC135294711,OG0002065,0.0,97.77627400739948,0.0170886804328768,6.752383634298894,0.0,0.4295185166041274
OG0008541,6,4,"['Buteo_buteo', 'Falco_peregrinus', 'Hirundo_rustica', 'Passer_domesticus']",0.6666666666666666,MYO18A,OG0008541,0.0,339.7962555778722,1.110223024625157e-16,72.37569415136386,0.0,6.375242214482152e-14
OG0009287,6,3,"['Buteo_buteo', 'Hirundo_rustica', 'Passer_domesticus']",0.5,RASSF5,OG0009287,4.0324962424787e-08,32.66629592949903,3.921176887689004e-06,23.5119430845134,6.904262488555848e-07,0.000301768922336
OG0003346,6,3,"['Falco_peregrinus', 'Hirundo_rustica', 'Passer_domesticus']",0.5,UBE3D,OG0003346,6.182465650539369e-11,45.62714419751683,2.142977351127229e-09,38.53584499230419,1.508238760826026e-09,4.209822612148623e-07
OG0005100,6,3,"['Buteo_buteo', 'Falco_peregrinus', 'Passer_domesticus']",0.5,TEX36,OG0005100,3.021032868311124e-10,42.45420983718759,1.92119890379816e-06,24.93882791447868,6.632944224100747e-09,0.0001629744297369
OG0005112,6,3,"['Buteo_buteo', 'Falco_peregrinus', 'Hirundo_rustica']",0.5,INPP5A,OG0005112,0.0025202545329762,10.58049639380442,0.0025139998418842,10.58546610240046,0.0202515609135279,0.0933682030829138
OG0008296,6,3,"['Buteo_buteo', 'Falco_peregrinus', 'Passer_domesticus']",0.5,UNK,OG0008296,0.0,279.4462505988722,1.4299809816265e-06,25.52940446568573,0.0,0.0001286121449137
OG0003196,6,3,"['Buteo_buteo', 'Falco_peregrinus', 'Passer_domesticus']",0.5,GINM1,OG0003196,0.0,77.75567518803655,1.110223024625157e-16,71.82075245742453,0.0,6.375242214482152e-14
OG0001751,6,3,"['Falco_peregrinus', 'Hirundo_rustica', 'Passer_domesticus']",0.5,CRYGN,OG0001751,0.0002845013506569,14.94325075284996,0.0046310716830579,9.363639584273187,0.0027228238239159,0.1578582196987573
OG0009537,6,3,"['Buteo_buteo', 'Hirundo_rustica', 'Passer_domesticus']",0.5,NPPA,OG0009537,5.1852411253605616e-12,50.58412478353375,7.844909777343645e-09,35.94050753956662,1.4945106177921463e-10,1.3943393211397693e-06
OG0003125,6,3,"['Corvus_moneduloides', 'Hirundo_rustica', 'Passer_domesticus']",0.5,SASH1,OG0003125,0.000174913846878,15.916139656616,0.0042448083276184,9.53782286446949,0.001738657612443,0.1461332853993892
OG0008365,6,3,"['Falco_peregrinus', 'Hirundo_rustica', 'Passer_domesticus']",0.5,RGS9,OG0008365,6.26110274737357e-13,54.81215352032268,2.336588152795915e-06,24.54734313287736,2.058992599521749e-11,0.0001938070062291
OG0006126,6,3,"['Buteo_buteo', 'Falco_peregrinus', 'Hirundo_rustica']",0.5,RBFOX1,OG0006126,0.0,94.85114402398358,4.440892098500626e-16,69.24235703959312,0.0,1.8417366397392877e-13
OG0004379,6,3,"['Buteo_buteo', 'Hirundo_rustica', 'Passer_domesticus']",0.5,IRF7,OG0004379,2.850497615725089e-13,56.3858908684324,0.0201363273733593,6.424165165321028,9.94344144924663e-12,0.4944660652701564
OG0008656,6,3,"['Falco_peregrinus', 'Hirundo_rustica', 'Passer_domesticus']",0.5,GLMP,OG0008656,0.0,139.7835903778505,0.0022099579440224,10.84326922595938,0.0,0.0829427505574877
OG0009794,6,3,"['Buteo_buteo', 'Hirundo_rustica', 'Passer_domesticus']",0.5,C28H8orf58,OG0009794,8.008391338965026e-09,35.89925749795839,0.0001175015771626,16.71182324260189,1.5134845910221248e-07,0.0066450702539343
OG0006584,6,3,"['Corvus_moneduloides', 'Hirundo_rustica', 'Passer_domesticus']",0.5,CMYA5,OG0006584,2.576850954838505e-10,42.77227111057437,0.0036123500106491,9.86049913088209,5.725057255318286e-09,0.1278018617511668
OG0009801,6,3,"['Buteo_buteo', 'Falco_peregrinus', 'Hirundo_rustica']",0.5,SLC4A5,OG0009801,0.0,261.162169771771,6.585061781416712e-06,22.47511932032648,0.0,0.0004867077841413
OG0005026,6,3,"['Falco_peregrinus', 'Hirundo_rustica', 'Passer_domesticus']",0.5,WBP1L,OG0005026,0.0,143.1847027233525,1.3708922885768969e-11,48.63965074616499,0.0,3.198034666945793e-09
OG0004027,6,2,"['Falco_peregrinus', 'Hirundo_rustica']",0.3333333333333333,SLC4A4,OG0004027,0.0,168.8819427411399,0.0202585787412378,6.412059506179503,0.0,0.495837017388001
OG0004020,6,2,"['Falco_peregrinus', 'Passer_domesticus']",0.3333333333333333,MTHFD2L,OG0004020,6.092306048532947e-09,36.44618396858095,0.0009285849554843,12.57740300657861,1.1843506419869389e-07,0.0391632016536203
OG0007499,6,2,"['Corvus_moneduloides', 'Passer_domesticus']",0.3333333333333333,PDCD1,OG0007499,7.840855381635593e-08,31.33637126064332,0.0001133994177247,16.78289424175728,1.2807874272190306e-06,0.0064620355214878
OG0005241,6,2,"['Hirundo_rustica', 'Passer_domesticus']",0.3333333333333333,CCDC141,OG0005241,0.001370193003736,11.79931297983421,0.0401571586537194,5.043614752496069,0.0116497617003301,0.5
OG0007946,6,2,"['Buteo_buteo', 'Passer_domesticus']",0.3333333333333333,MXD3,OG0007946,3.075619153802833e-08,33.20805466385718,2.510166868807673e-08,33.61436866369331,5.4022345842678e-07,3.939901555300578e-06
OG0007451,6,2,"['Buteo_buteo', 'Passer_domesticus']",0.3333333333333333,PID1,OG0007451,6.592255880177866e-06,22.47293553764803,0.0365572844404186,5.231455262881354,8.188217994264188e-05,0.5
OG0007396,6,2,"['Buteo_buteo', 'Falco_peregrinus']",0.3333333333333333,ESPNL,OG0007396,0.0,81.88940137948157,6.8987478785143e-07,26.98721708446283,0.0,7.253401818747782e-05
OG0004100,6,2,"['Buteo_buteo', 'Passer_domesticus']",0.3333333333333333,EIF4E,OG0004100,8.077791256444478e-07,26.67165998925793,0.0196172451934578,6.476398124551451,1.1485849853211051e-05,0.4836465553579819
OG0004165,6,2,"['Buteo_buteo', 'Passer_domesticus']",0.3333333333333333,INPP4B,OG0004165,0.0,97.57872717765711,0.0248249788919475,6.005515477634617,0.0,0.5
OG0003864,6,2,"['Falco_peregrinus', 'Hirundo_rustica']",0.3333333333333333,FIP1L1,OG0003864,4.397268846934033e-06,23.28275949172166,5.741948351234427e-07,27.35429976745036,5.582587065027645e-05,6.212122382893478e-05
OG0003430,6,2,"['Hirundo_rustica', 'Passer_domesticus']",0.3333333333333333,MATN3,OG0003430,0.000819179211452,12.82812100027695,0.0018494693169404,11.19941871248557,0.0072973422595343,0.0711010613454731
OG0003628,6,2,"['Falco_peregrinus', 'Passer_domesticus']",0.3333333333333333,LOC135304687,OG0003628,0.0,181.9439643468686,0.0,92.0065796742856,0.0,0.0
OG0003606,6,2,"['Buteo_buteo', 'Passer_domesticus']",0.3333333333333333,LOC135304637,OG0003606,0.0,159.7210605363252,5.551115123125784e-16,68.78243485007988,0.0,2.1810039154807358e-13
OG0008063,6,2,"['Buteo_buteo', 'Passer_domesticus']",0.3333333333333333,LOC135283404,OG0008063,0.005720817875474,8.940992636162264,0.0083330368933007,8.188760271421415,0.0428344086664131,0.2508311306793965
OG0008118,6,2,"['Buteo_buteo', 'Hirundo_rustica']",0.3333333333333333,CERCAM,OG0008118,0.0,76.99251299554999,2.682333799519654e-10,42.69203293174178,0.0,5.889300533357124e-08
OG0008340,6,2,"['Corvus_moneduloides', 'Hirundo_rustica']",0.3333333333333333,PCTP,OG0008340,0.0011336359643626,12.17835592757365,0.0304225929656272,5.59884515286376,0.0098516792479246,0.5
OG0003119,6,2,"['Buteo_buteo', 'Hirundo_rustica']",0.3333333333333333,RGS7,OG0003119,7.011252689537173e-11,45.37554494097913,0.0008427510504049,12.77138355388252,1.6955796385784627e-09,0.0358038416265192
OG0008393,6,2,"['Falco_peregrinus', 'Passer_domesticus']",0.3333333333333333,GAA,OG0008393,3.021233263567069e-09,37.84890709529282,0.0001343856564227,16.44329935621499,5.982362417116227e-08,0.0072590171296817
OG0008437,6,2,"['Falco_peregrinus', 'Passer_domesticus']",0.3333333333333333,ABHD11,OG0008437,0.0002684039132194,15.05974078532199,3.469526854049665e-05,19.15152010620113,0.0025886759847324,0.0022521754752591
OG0003034,6,2,"['Hirundo_rustica', 'Passer_domesticus']",0.3333333333333333,RMDN2,OG0003034,1.4617257404481168e-10,43.90617231385841,1.272912442118468e-09,39.5776222162458,3.336936590961833e-09,2.56818685957145e-07
OG0008471,6,2,"['Hirundo_rustica', 'Passer_domesticus']",0.3333333333333333,SSC4D,OG0008471,1.4600124720320911e-08,34.69817716885154,0.0005350006959643,13.68019065938643,2.704464790004853e-07,0.0239148514693046
OG0008484,6,2,"['Falco_peregrinus', 'Passer_domesticus']",0.3333333333333333,RAD51D,OG0008484,1.7891577108741788e-10,43.50191771709797,3.217783622888604e-08,33.11768151456272,4.0350641425002255e-09,4.709951910757536e-06
OG0002906,6,2,"['Buteo_buteo', 'Hirundo_rustica']",0.3333333333333333,DZANK1,OG0002906,1.656470175753766e-05,20.63017869248506,0.0405715472706338,5.023082167375833,0.0001947330686929,0.5
OG0007353,6,2,"['Buteo_buteo', 'Passer_domesticus']",0.3333333333333333,PCCB,OG0007353,0.0,169.7523587902597,0.0,76.55651296168617,0.0,0.0
OG0007167,6,2,"['Buteo_buteo', 'Falco_peregrinus']",0.3333333333333333,PVALB,OG0007167,8.637568438274457e-11,44.95833486814581,0.022849792419907,6.171332131286363,2.0340519997387638e-09,0.5
OG0004190,6,2,"['Falco_peregrinus', 'Passer_domesticus']",0.3333333333333333,LOC135303657,OG0004190,0.0001950967488023,15.69773558845782,0.0043823925355659,9.47402656444865,0.0019213683770569,0.1500667902660538
OG0005086,6,2,"['Hirundo_rustica', 'Passer_domesticus']",0.3333333333333333,ATE1,OG0005086,0.0,91.42995841384982,3.558264793923627e-13,55.94234626934121,0.0,9.486588102371383e-11
OG0005713,6,2,"['Corvus_moneduloides', 'Passer_domesticus']",0.3333333333333333,VAT1L,OG0005713,5.337674128269576e-05,18.28997656575302,0.0001988429080695,15.65969654232595,0.0005842483484975,0.0099621631459001
OG0005895,6,2,"['Buteo_buteo', 'Hirundo_rustica']",0.3333333333333333,GALNS,OG0005895,0.0,76.40876766673864,0.0004225587561935,14.15206974482862,0.0,0.019471611820895
OG0005902,6,2,"['Buteo_buteo', 'Hirundo_rustica']",0.3333333333333333,DPEP1,OG0005902,9.675038548095929e-13,53.941843727589,0.0057991257447415,8.913801851897006,3.12658713253403e-11,0.1890413698012915
OG0005572,6,2,"['Falco_peregrinus', 'Passer_domesticus']",0.3333333333333333,MNS1,OG0005572,1.152522521863375e-12,53.59183455830316,0.0383570991441772,5.135336946423195,3.69252387369532e-11,0.5
OG0005491,6,2,"['Buteo_buteo', 'Passer_domesticus']",0.3333333333333333,PEX11A,OG0005491,6.718349333595386e-05,17.82987158996366,0.0113742595374078,7.566510462736915,0.0007247467886602,0.315646273036245
OG0005447,6,2,"['Buteo_buteo', 'Passer_domesticus']",0.3333333333333333,GLDN,OG0005447,1.1990963777464e-12,53.51265448093545,5.9807816310542e-08,31.87796459378478,3.8253224187508006e-11,8.267876828855482e-06
OG0005368,6,2,"['Buteo_buteo', 'Falco_peregrinus']",0.3333333333333333,HACD2,OG0005368,3.9745595703521985e-11,46.51075029295498,0.0470249590612774,4.727859187722061,1.002367810563485e-09,0.5
OG0006269,6,2,"['Buteo_buteo', 'Falco_peregrinus']",0.3333333333333333,CDKN2C,OG0006269,1.885002210932907e-06,24.97686876729585,2.566044420060365e-05,19.75482541481233,2.5308527885996677e-05,0.0016951789022788
OG0006307,6,2,"['Hirundo_rustica', 'Passer_domesticus']",0.3333333333333333,MUTYH,OG0006307,3.020584635626822e-05,19.42865576770964,0.0159352028259331,6.892154844712422,0.0003426848678564,0.4116134570781692
OG0005210,6,2,"['Falco_peregrinus', 'Passer_domesticus']",0.3333333333333333,CARF,OG0005210,0.0,212.7381196529986,0.0136022251144142,7.208749415522107,0.0,0.3625558180141634
OG0005187,6,2,"['Hirundo_rustica', 'Passer_domesticus']",0.3333333333333333,LOC135308686,OG0005187,0.0113277525339478,7.57470481456312,0.0120546198088128,7.450320250775803,0.0789558101455842,0.3317107622403342
OG0005169,6,2,"['Buteo_buteo', 'Passer_domesticus']",0.3333333333333333,HIBCH,OG0005169,0.0,81.17720513823224,1.343356300476106e-06,25.65438438637102,0.0,0.0001225687632886
OG0006370,6,2,"['Buteo_buteo', 'Hirundo_rustica']",0.3333333333333333,GFI1,OG0006370,0.0,91.9201396371709,0.0022577882791486,10.80044480382639,0.0,0.0842719475192226
OG0006391,6,2,"['Hirundo_rustica', 'Passer_domesticus']",0.3333333333333333,PLPPR5,OG0006391,0.002344823850282,10.72479563309571,0.0236029889890128,6.106469484770969,0.0189438420371813,0.5
OG0004205,6,2,"['Hirundo_rustica', 'Passer_domesticus']",0.3333333333333333,SLC43A3,OG0004205,1.236233330886849e-05,21.21541832841285,0.0249937688098385,5.991963104559545,0.0001488464808882,0.5
OG0005051,6,2,"['Buteo_buteo', 'Passer_domesticus']",0.3333333333333333,ZDHHC6,OG0005051,1.706412788848866e-12,52.80695463235497,2.336617693776688e-07,29.15248803356917,5.352256919645708e-11,2.768706521276663e-05
OG0006566,6,2,"['Buteo_buteo', 'Hirundo_rustica']",0.3333333333333333,PLPP1,OG0006566,5.1125770283988465e-14,59.82340476961599,1.246225345141738e-13,58.04080109213282,1.908269375849869e-12,3.445582296845583e-11
OG0004854,6,2,"['Hirundo_rustica', 'Passer_domesticus']",0.3333333333333333,LDB3,OG0004854,3.284683020021717e-08,33.0765268186442,6.174458194729837e-08,31.81422485337316,5.755905808559183e-07,8.380423713392407e-06
OG0006804,6,2,"['Buteo_buteo', 'Passer_domesticus']",0.3333333333333333,ANKRD16,OG0006804,2.656459430294689e-05,19.68556817906756,4.507223696309515e-05,18.62819381780173,0.0003041483074716,0.0028757628113632
OG0004783,6,2,"['Hirundo_rustica', 'Passer_domesticus']",0.3333333333333333,FANCM,OG0004783,5.440092820663267e-15,64.29618709994975,8.362911640885651e-05,17.39194327119912,2.2436625915055962e-13,0.0049156799526938
OG0006866,6,2,"['Falco_peregrinus', 'Hirundo_rustica']",0.3333333333333333,DNAJC2,OG0006866,4.2527981136686315e-11,46.37542345230213,0.0082771595573357,8.20221647512517,1.065340198608602e-09,0.2501578789291964
OG0004741,6,2,"['Hirundo_rustica', 'Passer_domesticus']",0.3333333333333333,TMEM260,OG0004741,0.0,79.13386973627894,1.057377740698584e-06,26.13314272770731,0.0,0.0001025107121339
OG0004667,6,2,"['Hirundo_rustica', 'Passer_domesticus']",0.3333333333333333,BEGAIN,OG0004667,9.057782301979955e-11,44.86332930858771,0.0005047894151499,13.7964440697051,2.111111708603809e-09,0.0227003191812925
OG0004519,6,2,"['Hirundo_rustica', 'Passer_domesticus']",0.3333333333333333,FSIP1,OG0004519,4.8867243584993496e-11,46.09753434087543,0.0446960491972484,4.829445971219684,1.207927064112505e-09,0.5
OG0004492,6,2,"['Buteo_buteo', 'Passer_domesticus']",0.3333333333333333,SMOC1,OG0004492,0.0,151.1618316200465,1.079691891447965e-13,58.32760623583818,0.0,3.2239599878636233e-11
OG0007212,6,2,"['Hirundo_rustica', 'Passer_domesticus']",0.3333333333333333,TBXAS1,OG0007212,0.0,87.50011033813462,0.0,79.16162163417721,0.0,0.0
OG0007260,6,2,"['Buteo_buteo', 'Passer_domesticus']",0.3333333333333333,LOC135300815,OG0007260,1.1871996941081872e-08,35.1118724527405,0.0001351645520463,16.43174087446278,2.226745154903924e-07,0.0072590171296817
OG0007269,6,2,"['Buteo_buteo', 'Passer_domesticus']",0.3333333333333333,SYCE3,OG0007269,6.10054682326222e-08,31.8383103057713,0.0196309318517707,6.475003241028389,1.0097690030078155e-06,0.4836465553579819
OG0008519,6,2,"['Hirundo_rustica', 'Passer_domesticus']",0.3333333333333333,VTN,OG0008519,0.0008623308402752,12.72544875000676,0.0496347886616987,4.619832252579727,0.0076361799794239,0.5
OG0003523,6,2,"['Buteo_buteo', 'Hirundo_rustica']",0.3333333333333333,GRIA3,OG0003523,0.0138515508279992,7.172421797937204,0.0130046486382851,7.298602434742861,0.0941728842723265,0.3530170984901755
OG0005798,6,2,"['Falco_peregrinus', 'Hirundo_rustica']",0.3333333333333333,CALB2,OG0005798,0.0,89.56196529072167,1.149185196558378e-06,25.96662042187745,0.0,0.000109982916568
OG0002144,6,2,"['Buteo_buteo', 'Passer_domesticus']",0.3333333333333333,FOXQ1,OG0002144,0.0007188379247313,13.08945492553084,0.0307546279507043,5.577135226168139,0.0064730097806027,0.5
OG0009677,6,2,"['Buteo_buteo', 'Falco_peregrinus']",0.3333333333333333,LOC135284806,OG0009677,0.0,142.9368872662162,0.0167689331045763,6.790160287897379,0.0,0.4243392733073298
OG0001349,6,2,"['Hirundo_rustica', 'Passer_domesticus']",0.3333333333333333,B3GLCT,OG0001349,2.196708228097144e-07,29.27597698111822,1.83926736910256e-05,20.42082192219641,3.374161918260325e-06,0.0012369487306622
OG0001372,6,2,"['Buteo_buteo', 'Corvus_moneduloides']",0.3333333333333333,ATP8A2,OG0001372,0.0,136.4353770340895,0.0001223336472833,16.63122250344895,0.0,0.00681507967888
OG0001393,6,2,"['Hirundo_rustica', 'Passer_domesticus']",0.3333333333333333,ARHGAP20,OG0001393,0.0,133.4553057973862,8.347802171737584e-09,35.81624072820341,0.0,1.4298015418604235e-06
OG0009526,6,2,"['Falco_peregrinus', 'Hirundo_rustica']",0.3333333333333333,LOC135288688,OG0009526,0.0,126.6588348840924,0.0,81.871999252573,0.0,0.0
OG0009017,6,2,"['Falco_peregrinus', 'Passer_domesticus']",0.3333333333333333,MARCKSL1,OG0009017,5.674935481703169e-06,22.77260836603,7.614857164828237e-07,26.78969448270254,7.119898045531792e-05,7.786973799375723e-05
OG0002240,6,2,"['Hirundo_rustica', 'Passer_domesticus']",0.3333333333333333,ZNF516,OG0002240,0.0120263597664517,7.455014421168016,0.0443720965694008,4.843994564482273,0.0829729904404455,0.5
OG0002198,6,2,"['Falco_peregrinus', 'Hirundo_rustica']",0.3333333333333333,LOC135306386,OG0002198,1.9684306851175393e-08,34.10059388831451,1.346368196875058e-06,25.64990526942165,3.560461305755341e-07,0.0001225687632886
OG0002143,6,2,"['Falco_peregrinus', 'Passer_domesticus']",0.3333333333333333,DUSP22,OG0002143,0.0001078144477239,16.883903409097,0.0020255405323168,11.01754300799166,0.0011193808793592,0.0771462248660473
OG0002447,6,2,"['Buteo_buteo', 'Passer_domesticus']",0.3333333333333333,STK3,OG0002447,3.117165969790392e-10,42.39155899527123,3.761836159499321e-05,18.98974221193475,6.803989463299788e-09,0.002420871287126
OG0009443,6,2,"['Hirundo_rustica', 'Passer_domesticus']",0.3333333333333333,SIRT6,OG0009443,0.0183871545248844,6.605911602617198,0.0385878670462347,5.123340393281978,0.1204036039721602,0.5
OG0002103,6,2,"['Buteo_buteo', 'Passer_domesticus']",0.3333333333333333,MCUR1,OG0002103,4.699574063238289e-13,55.38598589524463,0.000134729594351,16.4381872250442,1.5661750170568668e-11,0.0072590171296817
OG0009164,6,2,"['Hirundo_rustica', 'Passer_domesticus']",0.3333333333333333,CXCR5,OG0009164,4.304501199925426e-12,50.95642441390009,0.048921825005452,4.648768964868395,1.2700830615590238e-10,0.5
OG0001626,6,2,"['Hirundo_rustica', 'Passer_domesticus']",0.3333333333333333,C2H3orf85,OG0001626,1.649519287827417e-08,34.45409932015536,5.357931940064287e-06,22.88757061781371,3.025469651997953e-07,0.0003999696193257
OG0001649,6,2,"['Buteo_buteo', 'Corvus_moneduloides']",0.3333333333333333,JAM2,OG0001649,1.080116088791883e-07,30.69575989082841,0.0321087426620365,5.490959496695723,1.7339928178132056e-06,0.5
OG0002845,6,2,"['Buteo_buteo', 'Passer_domesticus']",0.3333333333333333,TASP1,OG0002845,5.669583749701168e-07,27.37966553640763,0.0004528140268257,14.01376374615029,8.266297400687348e-06,0.0206113214039883
OG0009198,6,2,"['Hirundo_rustica', 'Passer_domesticus']",0.3333333333333333,SMIM29,OG0009198,0.0018812751998195,11.1653165075918,4.037983269922218e-06,23.45323600148095,0.0154687439679114,0.0003075871949996
OG0001723,6,2,"['Hirundo_rustica', 'Passer_domesticus']",0.3333333333333333,OBSCN,OG0001723,0.0,141.3063742303639,0.0,121.2644549240649,0.0,0.0
OG0008825,6,2,"['Hirundo_rustica', 'Passer_domesticus']",0.3333333333333333,SAMD10,OG0008825,2.053275479768635e-05,20.2006839428368,0.0013905138842877,11.76986943745533,0.0002395495033205,0.056109114303829
OG0001358,6,2,"['Hirundo_rustica', 'Passer_domesticus']",0.3333333333333333,POMP,OG0001358,1.439100726918774e-07,30.1218600945067,2.9115043709282418e-12,51.73841000833181,2.271597530878326e-06,7.244793376326444e-10
OG0008754,6,2,"['Buteo_buteo', 'Hirundo_rustica']",0.3333333333333333,EYA2,OG0008754,0.0,101.722264830556,0.0001081126778351,16.87837876183403,0.0,0.0062081626156856
OG0008800,6,2,"['Falco_peregrinus', 'Passer_domesticus']",0.3333333333333333,HM13,OG0008800,4.1843826459331275e-08,32.59234877214567,0.0027699747893447,10.39153975927184,7.136345937334514e-07,0.1008676185485788
OG0001046,6,2,"['Corvus_moneduloides', 'Hirundo_rustica']",0.3333333333333333,U2AF1,OG0001046,0.0020283655434474,11.01475556147943,0.0282737893146038,5.745345791233376,0.016621019519029,0.5
OG0009770,6,2,"['Buteo_buteo', 'Falco_peregrinus']",0.3333333333333333,TACC1,OG0009770,0.0,179.9789008887674,2.587454583924398e-09,38.15888808230739,0.0,4.952653453588623e-07
OG0008667,6,2,"['Hirundo_rustica', 'Passer_domesticus']",0.3333333333333333,RAB25,OG0008667,3.0998564826134606e-10,42.40269602914941,0.0004195826287314,14.16620580276503,6.786049455340026e-09,0.019471611820895
OG0008731,6,2,"['Hirundo_rustica', 'Passer_domesticus']",0.3333333333333333,SDC4,OG0008731,1.589818419245326e-06,25.31748713895831,0.0001810031740309,15.84769762052383,2.1578171817575195e-05,0.0092547170831559
OG0002701,6,2,"['Corvus_moneduloides', 'Passer_domesticus']",0.3333333333333333,TCTN1,OG0002701,8.874374735068358e-09,35.69390155803922,0.0047682578588142,9.305254178092582,1.6729092777092244e-07,0.16048821626626
OG0001168,6,2,"['Falco_peregrinus', 'Hirundo_rustica']",0.3333333333333333,POU3F3,OG0001168,5.693131299722154e-09,36.58171649119595,0.00336460889573,10.00259273851134,1.1096403434053754e-07,0.1201761024240437
OG0008780,6,2,"['Hirundo_rustica', 'Passer_domesticus']",0.3333333333333333,LOC135282088,OG0008780,0.0063143669618375,8.743561182538542,0.0062496971159496,8.764150194696413,0.0468556156760606,0.196852274137401
OG0001727,6,2,"['Hirundo_rustica', 'Passer_domesticus']",0.3333333333333333,CCDC13,OG0001727,4.515164164775599e-08,32.44018403513837,0.0001294235543147,16.51854596958583,7.643015984138285e-07,0.0071566432071066
OG0001173,6,2,"['Buteo_buteo', 'Passer_domesticus']",0.3333333333333333,IL1R1,OG0001173,0.0035161557309015,9.91447965513362,0.0455058705817653,4.793533514130104,0.0272849298660918,0.5
OG0002511,6,2,"['Falco_peregrinus', 'Passer_domesticus']",0.3333333333333333,DNAAF11,OG0002511,3.764068872758042e-06,23.59372571627864,0.0271841735449104,5.823946298964074,4.844616230196342e-05,0.5
OG0006102,6,1,['Hirundo_rustica'],0.1666666666666666,TNFRSF17,OG0006102,7.023642032660815e-05,17.74099278577478,0.0284677359454381,5.731673449134178,0.000754409896026,0.5
OG0006813,6,1,['Buteo_buteo'],0.1666666666666666,KLHDC10,OG0006813,0.0,81.51893662132352,6.692287904763727e-05,17.83764496006552,0.0,0.0039804153208853
OG0006610,6,1,['Passer_domesticus'],0.1666666666666666,TMEM252,OG0006610,0.0158403920261831,6.904089926532833,0.0365304601645619,5.232923321703311,0.1057679127687452,0.5
OG0006619,6,1,['Falco_peregrinus'],0.1666666666666666,CDC37L1,OG0006619,8.723210487282528e-10,40.33343276588221,0.0105370312152896,7.719424526831062,1.8499649513512524e-08,0.3025343770082201
OG0009416,6,1,['Hirundo_rustica'],0.1666666666666666,LOC135286891,OG0009416,0.0001804849482601,15.85343198460214,0.0107886537711521,7.672226186663465,0.0017916491206938,0.3073942763421778
OG0009708,6,1,['Hirundo_rustica'],0.1666666666666666,TJP3,OG0009708,2.194893832796474e-07,29.27762958544554,5.090107833027879e-05,18.38495853770655,3.374161918260325e-06,0.003166471247796
OG0006681,6,1,['Buteo_buteo'],0.1666666666666666,NIPSNAP3A,OG0006681,0.0160295434818736,6.880349222486075,0.0104433490911194,7.737285546589192,0.106839769725167,0.301002320328983
OG0006765,6,1,['Passer_domesticus'],0.1666666666666666,CCNH,OG0006765,0.0018234758955516,11.22772717215321,0.0230793297252999,6.151341397241595,0.0150577959737755,0.5
OG0006195,6,1,['Passer_domesticus'],0.1666666666666666,NEGR1,OG0006195,5.321933294055725e-08,32.11139385003116,0.0004460044965782,14.04406868694605,8.887747659983443e-07,0.0204259114537229
OG0005862,6,1,['Falco_peregrinus'],0.1666666666666666,HSD17B2,OG0005862,0.0,77.08321196054567,3.05311331771918e-15,65.47248616280012,0.0,1.139574545838684e-12
OG0006582,6,1,['Passer_domesticus'],0.1666666666666666,SLC30A5,OG0006582,1.419773767052934e-06,25.54373167503763,0.0480653237485971,4.684094202675624,1.944699297440395e-05,0.5
OG0005860,6,1,['Passer_domesticus'],0.1666666666666666,CMIP,OG0005860,0.0,96.181489428629,9.296470260267141e-10,40.20613787146249,0.0,1.927726402580395e-07
OG0009380,6,1,['Passer_domesticus'],0.1666666666666666,PSMC3IP,OG0009380,0.0006776368150386,13.20750380814661,0.0076288274233851,8.365347889507575,0.006131586453653,0.2343588342204519
OG0009795,6,1,['Buteo_buteo'],0.1666666666666666,BIN3,OG0009795,8.500145032286355e-12,49.59558482346165,0.0091687190765067,7.99762101655233,2.367670995000658e-10,0.269466487819381
OG0006882,6,1,['Passer_domesticus'],0.1666666666666666,SLC26A4,OG0006882,1.070254995738651e-13,58.345342148481,7.555307573570147e-06,22.20022614260597,3.8783755064024415e-12,0.0005529448140853
OG0009379,6,1,['Passer_domesticus'],0.1666666666666666,MLX,OG0009379,9.077921747646656e-11,44.85888698735016,1.187938636348917e-13,58.13606235918269,2.111111708603809e-09,3.410754584747948e-11
OG0005813,6,1,['Passer_domesticus'],0.1666666666666666,LOC135279160,OG0005813,0.0,80.29906249449232,4.440892098500626e-16,69.2460091637904,0.0,1.8417366397392877e-13
OG0006901,6,1,['Hirundo_rustica'],0.1666666666666666,CRELD2,OG0006901,0.0001621033565935,16.06825848399603,0.0001619490384509,16.07016333835418,0.0016199485367744,0.0083954831391417
OG0007012,6,1,['Hirundo_rustica'],0.1666666666666666,PAWR,OG0007012,0.0017994064702438,11.25430245340249,5.422614399475112e-05,18.2584004475666,0.0149416788658179,0.0033454393795108
OG0005946,6,1,['Buteo_buteo'],0.1666666666666666,CLEC19A,OG0005946,0.0079706563104881,8.277682522895702,0.0113378557223363,7.572921815590689,0.0574888399592209,0.315646273036245
OG0006220,6,1,['Buteo_buteo'],0.1666666666666666,ATG4C,OG0006220,2.8077928870828828e-11,47.20578078835388,0.0026052823789559,10.5141340606242,7.277838160442265e-10,0.0961335315292689
OG0006318,6,1,['Buteo_buteo'],0.1666666666666666,ATP6V0B,OG0006318,0.0001397587995581,16.36489060195299,2.416390629256249e-07,29.08534703837449,0.0014117719062265,2.775131699599677e-05
OG0009554,6,1,['Passer_domesticus'],0.1666666666666666,TNFRSF25,OG0009554,0.027080632371655,5.831578597442785,0.0395032661009052,5.076449487773061,0.1674870925057206,0.5
OG0006352,6,1,['Falco_peregrinus'],0.1666666666666666,C7H1orf52,OG0006352,2.403844348392026e-05,19.88541803362295,0.0010474319555602,12.33653337332453,0.0002773523656993,0.043927413192458
OG0009656,6,1,['Falco_peregrinus'],0.1666666666666666,MICOS13,OG0009656,1.374291075495471e-05,21.00368053551756,1.370005421613696e-05,21.00992717449526,0.0001637597759934,0.0009558028478828
OG0009649,6,1,['Corvus_moneduloides'],0.1666666666666666,LOC135284874,OG0009649,9.847270756863093e-05,17.06516789638772,0.000387153915324,14.32708209895645,0.0010338941800278,0.0181767545779481
OG0006067,6,1,['Falco_peregrinus'],0.1666666666666666,GFER,OG0006067,2.078156119411645e-06,24.78176471590723,6.592425792484313e-07,27.07805417528471,2.7752120628636723e-05,7.030351220127913e-05
OG0009257,6,1,['Buteo_buteo'],0.1666666666666666,PTPN7,OG0009257,0.0,101.0944955266732,7.494005416219807e-15,63.66281843813886,0.0,2.542852292367312e-12
OG0006388,6,1,['Passer_domesticus'],0.1666666666666666,RWDD3,OG0006388,1.754048167601496e-06,25.12087404463728,1.635124194798721e-05,20.65611904575235,2.36353241356411e-05,0.0011302038994604
OG0006278,6,1,['Hirundo_rustica'],0.1666666666666666,PDZK1IP1,OG0006278,0.0004115811149851,14.20471451301864,0.0181408018491734,6.632888902783634,0.0038405662792049,0.4529133304484284
OG0009578,6,1,['Hirundo_rustica'],0.1666666666666666,MIB2,OG0009578,0.0,123.1006171817098,7.356027892368999e-08,31.46402693057462,0.0,9.805847895809748e-06
OG0009543,6,1,['Passer_domesticus'],0.1666666666666666,PDPN,OG0009543,0.0078455376853427,8.309326352069093,0.0317634899734853,5.512581164634412,0.0569163642576131,0.5
OG0009467,6,1,['Hirundo_rustica'],0.1666666666666666,AQP2,OG0009467,0.0061657009671913,8.791212534471924,0.0061562918910846,8.794266935831729,0.0458892898505316,0.1959754240121844
OG0006414,6,1,['Passer_domesticus'],0.1666666666666666,GPSM2,OG0006414,2.43825319806712e-06,24.46216299393382,0.0078409640886696,8.310492602357044,3.215823343387112e-05,0.2379381988695886
OG0006461,6,1,['Passer_domesticus'],0.1666666666666666,PRRX1,OG0006461,0.0287799102003229,5.709861034461937,0.0306722517454331,5.582499409083539,0.1762444869937741,0.5
OG0009718,6,1,['Hirundo_rustica'],0.1666666666666666,KANK3,OG0009718,8.925926830993802e-09,35.68231697005467,0.0293743134259626,5.668974998032354,1.678389012427424e-07,0.5
OG0005948,6,1,['Hirundo_rustica'],0.1666666666666666,TMC7,OG0005948,0.0043164991861559,9.504326796646636,0.0318505644947556,5.507105986145689,0.0330828197378379,0.5
OG0006158,6,1,['Falco_peregrinus'],0.1666666666666666,RHBDL1,OG0006158,1.110223024625157e-16,71.80973488935342,0.0,80.42195169801016,5.525209919217865e-15,0.0
OG0009681,6,1,['Hirundo_rustica'],0.1666666666666666,LOC135284663,OG0009681,3.7969627442180354e-14,60.41858285040689,2.53335933897425e-08,33.59597467818276,1.431531660888264e-12,3.939901555300578e-06
OG0006254,6,1,['Buteo_buteo'],0.1666666666666666,SHISAL2A,OG0006254,0.0002723905595601,15.03025292063103,0.0067610759463828,8.606852114836784,0.0026203550607169,0.2111775394968522
OG0006474,6,1,['Buteo_buteo'],0.1666666666666666,DARS2,OG0006474,0.0,89.9076085121178,8.427497366625403e-09,35.79723760732122,0.0,1.4298015418604235e-06
OG0009712,6,1,['Falco_peregrinus'],0.1666666666666666,MATK,OG0009712,0.0,75.82774264118416,2.775557561562891e-16,70.21436796806483,0.0,1.4799669426476416e-13
OG0008600,6,1,['Passer_domesticus'],0.1666666666666666,CA4,OG0008600,0.0286195684988195,5.721034802740178,0.0273510383784256,5.811707208044936,0.1754064686729785,0.5
OG0007103,6,1,['Hirundo_rustica'],0.1666666666666666,PHF5A,OG0007103,0.0109596966355281,7.640766993155012,0.0109405312766733,7.644267479784503,0.0765333352518406,0.3105363725489217
OG0007971,6,1,['Buteo_buteo'],0.1666666666666666,SGCD,OG0007971,0.0,79.15554967488697,5.667688540711425e-14,59.61714941163154,0.0,1.7628872898504493e-11
OG0008035,6,1,['Hirundo_rustica'],0.1666666666666666,SLC25A48,OG0008035,0.0290680939234828,5.689933909121464,0.0438592003396458,4.867247175521697,0.1777177077303845,0.5
OG0008046,6,1,['Falco_peregrinus'],0.1666666666666666,TCF7,OG0008046,6.537438368425795e-10,40.91031672926511,1.680347228638635e-06,25.20672584335171,1.4023556729970853e-08,0.00014585804723
OG0008914,6,1,['Buteo_buteo'],0.1666666666666666,SLC25A34,OG0008914,0.0002710325811853,15.04024867605403,0.016468163731097,6.826358104473911,0.0026106557658689,0.4195728404526932
OG0008899,6,1,['Passer_domesticus'],0.1666666666666666,PEDS1,OG0008899,3.550762111614869e-06,23.71040223536238,0.0001877831431337,15.77415114876385,4.5779687673929184e-05,0.0095360623366915
OG0008861,6,1,['Passer_domesticus'],0.1666666666666666,EDN3,OG0008861,1.065207331951701e-06,26.11838783874464,0.0411827025173799,4.993179544176201,1.4918898185777578e-05,0.5
OG0005785,6,1,['Falco_peregrinus'],0.1666666666666666,CFDP1,OG0005785,4.037048473293225e-12,51.08472911849822,4.2893466556392923e-13,55.56864453099297,1.200660033989399e-10,1.1041369925637003e-10
OG0008138,6,1,['Buteo_buteo'],0.1666666666666666,DOLPP1,OG0008138,3.407829574086918e-13,56.02875865387568,2.495422769532851e-07,29.02098061797278,1.183230128863202e-11,2.8224743900852623e-05
OG0008168,6,1,['Hirundo_rustica'],0.1666666666666666,AK8,OG0008168,1.650163339306232e-11,48.26882851575101,0.0038877679650087,9.713545786877148,4.4152219813337003e-10,0.1362544030929134
OG0008230,6,1,['Hirundo_rustica'],0.1666666666666666,NEK6,OG0008230,0.0001345366868525,16.4410529018096,0.0003732307035189,14.40033328183199,0.0013682784296384,0.0176339696314499
OG0008251,6,1,['Hirundo_rustica'],0.1666666666666666,SHISA6,OG0008251,0.0,75.95208724651638,0.0,115.67995336268,0.0,0.0
OG0008820,6,1,['Hirundo_rustica'],0.1666666666666666,ZBTB46,OG0008820,3.206760386759155e-05,19.30903416447836,9.006436395481154e-05,17.24367761534813,0.0003616082520718,0.0052118641621912
OG0008276,6,1,['Passer_domesticus'],0.1666666666666666,METTL23,OG0008276,0.0011856018320984,12.08871515524697,0.0264235338592695,5.88070610270006,0.0102436547183041,0.5
OG0008282,6,1,['Hirundo_rustica'],0.1666666666666666,RHBDF2,OG0008282,2.224498298786237e-06,24.64566394192298,0.0469014236140961,4.733120138474987,2.9547828826404376e-05,0.5
OG0008318,6,1,['Falco_peregrinus'],0.1666666666666666,OTOP2,OG0008318,5.551115123125783e-17,74.23798600602822,0.0014016983658627,11.75384695722641,2.8382927667215044e-15,0.0562563349525039
OG0008325,6,1,['Falco_peregrinus'],0.1666666666666666,LRRC59,OG0008325,1.094715442739869e-07,30.66890802093076,0.0112028262513784,7.596884016266813,1.753658965676636e-06,0.313539832953416
OG0008761,6,1,['Passer_domesticus'],0.1666666666666666,CD40,OG0008761,4.36655050173318e-07,27.90195026391211,0.000192861007376,15.72078723406776,6.429250393577552e-06,0.0097277528382573
OG0008760,6,1,['Buteo_buteo'],0.1666666666666666,CDH22,OG0008760,0.0,160.2731249262524,0.0,117.9866169803699,0.0,0.0
OG0008368,6,1,['Hirundo_rustica'],0.1666666666666666,WIPI1,OG0008368,8.173461907290402e-12,49.67395874658359,0.0398343515175345,5.059756909975476,2.2852019901843767e-10,0.5
OG0008711,6,1,['Passer_domesticus'],0.1666666666666666,GSS,OG0008711,5.524705345327785e-05,18.22109673928571,0.0225903085534179,6.194174218475382,0.0006038349253714,0.5
OG0008650,6,1,['Passer_domesticus'],0.1666666666666666,LOC135288196,OG0008650,0.0001312341054139,16.49076116985088,0.0059394060909884,8.865997909560974,0.001338336881032,0.1926290935391359
OG0008507,6,1,['Hirundo_rustica'],0.1666666666666666,RILP,OG0008507,0.0260118029964699,5.912115404118595,4.904255543086711e-05,18.45934995614698,0.1617095293381041,0.0030764930780791
OG0008517,6,1,['Passer_domesticus'],0.1666666666666666,TMEM199,OG0008517,0.0035976319160532,9.868664541108956,0.0035769550190575,9.880192426646316,0.027888185102116,0.1271522343679278
OG0008518,6,1,['Falco_peregrinus'],0.1666666666666666,SEBOX,OG0008518,0.0118140673783173,7.490634252690143,0.0157623498170428,6.913967850185145,0.0816592712769806,0.4085622964730026
OG0008625,6,1,['Hirundo_rustica'],0.1666666666666666,TMEM97,OG0008625,2.963153379331729e-07,28.67738887660471,1.670932842090522e-07,29.82313282360428,4.477720643058979e-06,2.0118570429364107e-05
OG0008613,6,1,['Hirundo_rustica'],0.1666666666666666,HEATR6,OG0008613,6.249369416400087e-08,31.79010599650064,0.0050366662643427,9.195727381473262,1.0321137764032445e-06,0.1678514002826738
OG0008012,6,1,['Falco_peregrinus'],0.1666666666666666,LOC135280457,OG0008012,0.0003485228310399,14.53731927418357,0.0003618920764645,14.46203468278782,0.0032974942125645,0.017317463787229
OG0008950,6,1,['Falco_peregrinus'],0.1666666666666666,C22H1orf50,OG0008950,1.325765051074512e-07,30.28591756133392,2.996182399406244e-06,24.05004886535517,2.110199596219879e-06,0.000237941506506
OG0007126,6,1,['Passer_domesticus'],0.1666666666666666,CBX7,OG0007126,0.0120781601470519,7.446418446549615,0.0313127549876756,5.541165152686517,0.0832534307458385,0.5
OG0007843,6,1,['Passer_domesticus'],0.1666666666666666,GABRP,OG0007843,0.0002909279020988,14.89857580018543,0.011214351694382,7.594827478365914,0.002779847680857,0.313539832953416
OG0007152,6,1,['Falco_peregrinus'],0.1666666666666666,NOL12,OG0007152,0.000790220786104,12.90010198992059,0.0013441771460956,11.8376521198561,0.0070646684649903,0.0545341434543692
OG0009231,6,1,['Falco_peregrinus'],0.1666666666666666,SIKE1,OG0009231,0.0006685466155245,13.23451450364064,0.0008028990686483,12.86826872850179,0.006064034611046,0.0344462157900012
OG0007204,6,1,['Passer_domesticus'],0.1666666666666666,PMCH,OG0007204,0.0021002455814975,10.94510763402377,0.031884033710207,5.5050054492649,0.0171911548967975,0.5
OG0009216,6,1,['Hirundo_rustica'],0.1666666666666666,MAPK13,OG0009216,0.0015689707376556,11.52837655042458,0.0128796697740722,7.317916033571237,0.0132044718789166,0.3509004922023709
OG0007232,6,1,['Buteo_buteo'],0.1666666666666666,CREB3L2,OG0007232,6.106226635438361e-16,68.70053541884954,0.0030768887878892,10.1813782916397,2.84893636459671e-14,0.1109612309255714
OG0007256,6,1,['Passer_domesticus'],0.1666666666666666,FGFR1OP2,OG0007256,0.0003618000603369,14.46254327545284,0.0002276105378606,15.38945475272158,0.003405847982869,0.0111783727969082
OG0009171,6,1,['Hirundo_rustica'],0.1666666666666666,UBE2T,OG0009171,3.312483723572068e-05,19.24416001360169,6.241792975997251e-05,17.97702161491452,0.0003729666816963,0.0037576600456306
OG0007265,6,1,['Passer_domesticus'],0.1666666666666666,CMAS,OG0007265,1.619044190714902e-06,25.28105481612783,0.0040651851977876,9.624297594801646,2.1934963491264505e-05,0.1418065771097419
OG0009167,6,1,['Larus_argentatus'],0.1666666666666666,SHISA4,OG0009167,0.0260164962806514,5.911754578624823,0.0136474460632257,7.202111391888138,0.1617095293381041,0.3625558180141634
OG0007274,6,1,['Buteo_buteo'],0.1666666666666666,SULT4A1,OG0007274,0.0094927214668001,7.928165509817518,0.0060416484378681,8.831862407173048,0.0676175245702895,0.1943577706085771
OG0007335,6,1,['Passer_domesticus'],0.1666666666666666,CCDC77,OG0007335,5.156057371857869e-05,18.35921214448899,0.0136473433256637,7.202126447884439,0.0005651977721133,0.3625558180141634
OG0009140,6,1,['Falco_peregrinus'],0.1666666666666666,SCN2B,OG0009140,7.375117183627822e-11,45.27435447046582,0.0208003246576662,6.359279006694123,1.770265266102305e-09,0.5
OG0009110,6,1,['Passer_domesticus'],0.1666666666666666,BSX,OG0009110,1.095883897572758e-06,26.06160425483449,0.0381410688197398,5.146632950208186,1.523421470275724e-05,0.5
OG0009064,6,1,['Buteo_buteo'],0.1666666666666666,SH3BGRL3,OG0009064,0.0016426913458733,11.43654427431238,0.0016522455214803,11.42494562733509,0.0137628405128446,0.0647818871974069
OG0007385,6,1,['Passer_domesticus'],0.1666666666666666,UBE2G2,OG0007385,7.600172439725661e-06,22.18838488197161,4.832095059636998e-07,27.69933667416672,9.362258624183508e-05,5.304645532380911e-05
OG0007405,6,1,['Falco_peregrinus'],0.1666666666666666,FAM168B,OG0007405,0.0,91.98642036015237,6.5503158452884236e-15,63.92875718870755,0.0,2.3284813230989565e-12
OG0007412,6,1,['Falco_peregrinus'],0.1666666666666666,PARL,OG0007412,1.091970958100319e-11,49.0946128726946,0.0001392207403414,16.3726052878983,2.964204800806865e-10,0.007423448761778
OG0007508,6,1,['Passer_domesticus'],0.1666666666666666,C11H2orf72,OG0007508,5.561107130347409e-13,55.04922680181153,1.216698832018359e-06,25.85244412318661,1.8368878198249297e-11,0.0001135332097627
OG0007660,6,1,['Falco_peregrinus'],0.1666666666666666,C9H3orf18,OG0007660,0.0099946389401585,7.825118510440916,0.0131833732986436,7.271303322861058,0.0706533898563292,0.3540067686128594
OG0007736,6,1,['Buteo_buteo'],0.1666666666666666,CFAP100,OG0007736,0.0,86.70198274981703,0.0061990749796521,8.780416028768741,0.0,0.1960851471317941
OG0007742,6,1,['Hirundo_rustica'],0.1666666666666666,LSM3,OG0007742,0.0018202520632892,11.23126622132486,0.0022110659559196,10.84226673246872,0.0150478202131274,0.0829427505574877
OG0007748,6,1,['Buteo_buteo'],0.1666666666666666,LHFPL4,OG0007748,2.343756807848818e-05,19.936046338094,0.0107749320597225,7.674771535732816,0.0002715883184937,0.3073942763421778
OG0008966,6,1,['Falco_peregrinus'],0.1666666666666666,FOXO6,OG0008966,0.0,93.18494282332358,3.33066907387547e-16,69.92011372470552,0.0,1.6575629757653592e-13
OG0007749,6,1,['Passer_domesticus'],0.1666666666666666,MTMR14,OG0007749,7.03603841856193e-13,54.57889971315672,0.0001488117022027,16.23936322862755,2.3036853857265263e-11,0.0078230940629834
OG0007823,6,1,['Passer_domesticus'],0.1666666666666666,IRAK2,OG0007823,1.603140394318414e-05,20.69562766487434,0.0070796530631822,8.514766388689168,0.0001887609312868,0.2202067088193981
OG0007253,6,1,['Passer_domesticus'],0.1666666666666666,ETFRF1,OG0007253,0.0003830132885326,14.34858738593948,0.000844136118723,12.76809923551286,0.0035874456698826,0.0358038416265192
OG0001020,6,1,['Hirundo_rustica'],0.1666666666666666,HLCS,OG0001020,0.000205136638912,15.5973741781454,0.0003671394325252,14.43324335283614,0.0020070052548869,0.0174566615528727
OG0005770,6,1,['Passer_domesticus'],0.1666666666666666,SLC38A8,OG0005770,2.017114253405339e-09,38.65690150362025,8.837028360186849e-07,26.49199561735441,4.10169622444013e-08,8.795788894505977e-05
OG0002777,6,1,['Hirundo_rustica'],0.1666666666666666,TRMT6,OG0002777,0.0006532008758032,13.28095735114402,0.0150193144295983,7.010542194029767,0.0059465177291116,0.3910183725020736
OG0002980,6,1,['Falco_peregrinus'],0.1666666666666666,CRIPT,OG0002980,1.69774851621618e-07,29.79129099856459,0.0225266676998623,6.199816519981368,2.6348633416951738e-06,0.5
OG0002916,6,1,['Passer_domesticus'],0.1666666666666666,SYNDIG1,OG0002916,2.7770782340397204e-09,38.01743853304833,3.816934268652261e-09,37.38134221556447,5.5396847536600326e-08,7.123353578872282e-07
OG0002874,6,1,['Passer_domesticus'],0.1666666666666666,EPHX1,OG0002874,5.733670020213744e-06,22.75201511914565,0.0002376892719465,15.30279827370759,7.181517902834831e-05,0.0115970615364749
OG0002848,6,1,['Corvus_moneduloides'],0.1666666666666666,MACROD2,OG0002848,0.0,103.7229847107537,0.0303128691356888,5.606071504356805,0.0,0.5
OG0002816,6,1,['Buteo_buteo'],0.1666666666666666,CFAP36,OG0002816,1.887379141862766e-15,66.43216847818894,7.488357711693537e-10,40.63870843374116,8.287814878826795e-14,1.5971597233654933e-07
OG0002809,6,1,['Passer_domesticus'],0.1666666666666666,ACYP2,OG0002809,0.0086721961649275,8.108972067076593,0.0086754699123495,8.108217211075498,0.0621285454617893,0.2569935829194031
OG0002780,6,1,['Passer_domesticus'],0.1666666666666666,COMMD1,OG0002780,2.870507720409421e-10,42.55642952110702,1.546150627307341e-06,25.37319000342723,6.339745601436783e-09,0.0001374049337243
OG0002744,6,1,['Buteo_buteo'],0.1666666666666666,SCARB1,OG0002744,0.0003496008396039,14.53114266412922,0.0015046672570995,11.61207263269171,0.0033035066679031,0.0600659950494564
OG0003705,6,1,['Buteo_buteo'],0.1666666666666666,DDRGK1,OG0003705,0.0,91.27377238779172,1.0554550955443892e-08,35.34712303873039,0.0,1.7508827307197477e-06
OG0002734,6,1,['Hirundo_rustica'],0.1666666666666666,KMT5A,OG0002734,6.050238088306514e-11,45.6703820691655,1.73191858575672e-05,20.54109696268188,1.4808205681707582e-09,0.0011791780800716
OG0002711,6,1,['Buteo_buteo'],0.1666666666666666,BCL7A,OG0002711,0.0011952137630971,12.07256609567048,0.0010873815855608,12.26167101452529,0.0103147638630288,0.0450961307567329
OG0002685,6,1,['Hirundo_rustica'],0.1666666666666666,DAO,OG0002685,3.025200326078892e-06,24.03077212935204,0.0001199950682231,16.66982546731833,3.939865328976579e-05,0.0067350615359826
OG0002615,6,1,['Hirundo_rustica'],0.1666666666666666,LOC135282699,OG0002615,2.009473260011774e-08,34.05932187333019,0.0193828298593755,6.500440966191491,3.623361808209636e-07,0.4807070594692311
OG0002605,6,1,['Passer_domesticus'],0.1666666666666666,KLHL22,OG0002605,2.636779683484747e-14,61.14614362970315,3.033099859800492e-05,19.42038626373142,1.0042632825108998e-12,0.0019861482853869
OG0002573,6,1,['Passer_domesticus'],0.1666666666666666,PRKAB1,OG0002573,1.691113873725225e-05,20.58878175151676,0.0057976941369069,8.914295645146012,0.0001984931614364,0.1890413698012915
OG0002547,6,1,['Corvus_moneduloides'],0.1666666666666666,RITA1,OG0002547,4.195572571141781e-06,23.37666711579641,0.0086485076957107,8.114442626281743,5.34881396120633e-05,0.2569935829194031
OG0002987,6,1,['Passer_domesticus'],0.1666666666666666,LOC135297212,OG0002987,2.775557561562891e-16,70.33430951049922,0.0150331243011513,7.008704090620085,1.3631274471754591e-14,0.3910183725020736
OG0002993,6,1,['Falco_peregrinus'],0.1666666666666666,LOC135297229,OG0002993,8.591413691583226e-10,40.36388093404912,0.0018336635940964,11.21658433778612,1.827205219591704e-08,0.0709238276162187
OG0003027,6,1,['Passer_domesticus'],0.1666666666666666,LOC135297336,OG0003027,4.248520513022713e-05,18.74641495343076,4.637279256058946e-05,18.57130091486761,0.0004691598465934,0.0029336686141084
OG0003036,6,1,['Falco_peregrinus'],0.1666666666666666,YIPF4,OG0003036,0.0006354349534932,13.33610729382963,0.0006336767865249,13.34164870689074,0.0058060243914649,0.0279905160438378
OG0003670,6,1,['Hirundo_rustica'],0.1666666666666666,LOC135304321,OG0003670,0.022556294492486,6.197187873109215,0.0329395742583416,5.439866597140281,0.1431826006687144,0.5
OG0005769,6,1,['Buteo_buteo'],0.1666666666666666,NECAB2,OG0005769,7.978637608918593e-05,17.4860212265512,6.718450508125251e-05,17.82984147132538,0.0008484405947375,0.0039804153208853
OG0003536,6,1,['Passer_domesticus'],0.1666666666666666,RNF128,OG0003536,2.55724623915432e-06,24.36686477153671,3.552949808915962e-06,23.7091703738206,3.3608878829730635e-05,0.0002791870560374
OG0003489,6,1,['Passer_domesticus'],0.1666666666666666,GAREM2,OG0003489,0.0007615663296619,12.97397220991843,0.04446181935921,4.839954539031169,0.0068330440515938,0.5
OG0003432,6,1,['Passer_domesticus'],0.1666666666666666,SDC1,OG0003432,3.900853823346484e-06,23.52233583843281,0.0144738769187554,7.08452533135187,4.995910749850812e-05,0.3817932551184066
OG0003392,6,1,['Falco_peregrinus'],0.1666666666666666,RNASEH1,OG0003392,1.387878700853662e-11,48.61502507959358,2.8270921270667774e-08,33.37656979318035,3.7402579429142916e-10,4.306988311949692e-06
OG0003358,6,1,['Passer_domesticus'],0.1666666666666666,RAB23,OG0003358,6.661338147750939e-16,68.42243543295353,4.274358644806853e-14,60.17987287727192,3.0886266629168174e-14,1.3873081427601374e-11
OG0003330,6,1,['Passer_domesticus'],0.1666666666666666,RARS2,OG0003330,0.0030193876030389,10.21910813620161,0.0148458837489318,7.033770920546885,0.0238263514341286,0.3888579725816716
OG0003309,6,1,['Passer_domesticus'],0.1666666666666666,COQ3,OG0003309,0.0010604889773045,12.31175599474409,0.0033638915938199,10.00301916452645,0.0092808326091193,0.1201761024240437
OG0003244,6,1,['Buteo_buteo'],0.1666666666666666,SMPDL3A,OG0003244,0.0307917060166443,5.574725459864567,0.012169977095173,7.431272147098753,0.1874878347587685,0.3327797766134326
OG0003234,6,1,['Buteo_buteo'],0.1666666666666666,RSPO3,OG0003234,0.00107718346478,12.28051673364462,0.001061640377923,12.30958572038526,0.0094158952746872,0.0442745554256738
OG0003153,6,1,['Passer_domesticus'],0.1666666666666666,VTA1,OG0003153,2.443626026527035e-07,29.06293091546195,0.0028132899532253,10.36050699624593,3.7380467803328512e-06,0.1019476189360538
OG0003140,6,1,['Hirundo_rustica'],0.1666666666666666,IL22RA2,OG0003140,3.874741960618877e-08,32.74610898649826,7.843437274557274e-06,22.12537242259532,6.68012672887296e-07,0.0005684588277142
OG0003053,6,1,['Passer_domesticus'],0.1666666666666666,TBXT,OG0003053,0.0089082182740093,8.055267692469897,0.0226129199937392,6.192173348808865,0.0636971737696169,0.5
OG0003051,6,1,['Hirundo_rustica'],0.1666666666666666,PACRG,OG0003051,0.0031787928375962,10.11621316914261,0.0083688527729859,8.18018257505264,0.0249523538724034,0.2508975339371084
OG0002492,6,1,['Hirundo_rustica'],0.1666666666666666,C1H8orf76,OG0002492,1.185268244663362e-06,25.90478852335764,0.0228109699681909,6.174733078536519,1.638523601187407e-05,0.5
OG0002433,6,1,['Hirundo_rustica'],0.1666666666666666,CFAP418,OG0002433,0.0472402996043517,4.71872152998003,0.0335093715879797,5.405565899741305,0.2694032364755432,0.5
OG0002415,6,1,['Buteo_buteo'],0.1666666666666666,PIP4P2,OG0002415,0.0,80.01205905640654,3.8857805861880484e-16,69.51570882493161,0.0,1.8129595047433613e-13
OG0001520,6,1,['Hirundo_rustica'],0.1666666666666666,PTPN6,OG0001520,5.551115123125783e-17,73.75768775711549,0.0160215739209012,6.881343828825266,2.8382927667215044e-15,0.4124174114466464
OG0001485,6,1,['Buteo_buteo'],0.1666666666666666,KLRG1,OG0001485,1.3842852419898582e-08,34.80469925622856,1.174737057574315e-06,25.9226380713917,2.570569485436391e-07,0.0001110052168961
OG0001467,6,1,['Hirundo_rustica'],0.1666666666666666,HIKESHI,OG0001467,0.0002425976723388,15.2619179512767,0.0038465404114885,9.734867897142069,0.0023519371740384,0.1354453970366122
OG0001462,6,1,['Passer_domesticus'],0.1666666666666666,CCDC90B,OG0001462,0.0407888556909983,5.012398398406731,0.0047320436974239,9.32050183589854,0.2380678715663037,0.16048821626626
OG0001379,6,1,['Passer_domesticus'],0.1666666666666666,SGCG,OG0001379,2.022001621693192e-09,38.65206144498643,0.001158413266304,12.13511380725049,4.10169622444013e-08,0.047776547143422
OG0001343,6,1,['Buteo_buteo'],0.1666666666666666,CCDC169,OG0001343,4.755085214469545e-12,50.75731535015439,1.194187776443201e-08,35.10013458554567,1.3865902783599668e-10,1.9379590763366296e-06
OG0001327,6,1,['Passer_domesticus'],0.1666666666666666,SLC25A15,OG0001327,3.647046631360951e-07,28.26206154491138,0.0007185323607674,13.09030526721835,5.42334723169512e-06,0.0313675091995831
OG0001287,6,1,['Buteo_buteo'],0.1666666666666666,SUGT1,OG0001287,0.0073074366278113,8.45143110544086,0.000650185095386,13.29021258594275,0.0533235722645276,0.0285507749238618
OG0001269,6,1,['Passer_domesticus'],0.1666666666666666,KLF5,OG0001269,2.511731535215223e-05,19.79761182898255,1.301905199663222e-05,21.11189910928806,0.0002889071788964,0.000924838957679
OG0001221,6,1,['Falco_peregrinus'],0.1666666666666666,XG,OG0001221,1.012420521084856e-06,26.22003871647075,0.001657513791655,11.41857866934743,1.4232992824667514e-05,0.0647818871974069
OG0001192,6,1,['Falco_peregrinus'],0.1666666666666666,CRACDL,OG0001192,0.0,139.8365162453301,0.0176948889657302,6.682664519183163,0.0,0.4432629064737458
OG0001170,6,1,['Passer_domesticus'],0.1666666666666666,SLC9A4,OG0001170,9.21410875265316e-07,26.40842520210572,0.0104179024459592,7.74216476636866,1.2977985252557706e-05,0.301002320328983
OG0001132,6,1,['Hirundo_rustica'],0.1666666666666666,STS,OG0001132,1.224298440405391e-12,53.47097870299513,2.9967435588584834e-08,33.26001468816503,3.889101216011168e-11,4.474138133375714e-06
OG0001089,6,1,['Falco_peregrinus'],0.1666666666666666,PRDX4,OG0001089,0.0015026323212744,11.61477929504144,0.0053723490687627,9.0666856852622,0.0126747460771902,0.1782426035480607
OG0001043,6,1,['Passer_domesticus'],0.1666666666666666,WDR4,OG0001043,1.47640260572679e-08,34.67585020901788,2.386318264990805e-06,24.50522334833477,2.7280558048887346e-07,0.0001957567675621
OG0001029,6,1,['Passer_domesticus'],0.1666666666666666,B3GALT5,OG0001029,4.359412830723386e-11,46.32590173558674,1.313234152899856e-05,21.09457074153579,1.0847672260450024e-09,0.000924838957679
OG0001519,6,1,['Hirundo_rustica'],0.1666666666666666,PHB2,OG0001519,0.0121623580493164,7.432524644413206,0.0111297390728387,7.60997475410386,0.0837564601827925,0.313539832953416
OG0001552,6,1,['Passer_domesticus'],0.1666666666666666,NAA50,OG0001552,7.533669924897346e-06,22.20596216109607,7.917722674166683e-07,26.71168969425298,9.295677023034491e-05,7.987270238196525e-05
OG0002377,6,1,['Falco_peregrinus'],0.1666666666666666,SBSPON,OG0002377,0.0452196356505578,4.806153377840019,0.0077535051961941,8.332926147956641,0.26046649701498,0.2371636176274033
OG0001608,6,1,['Passer_domesticus'],0.1666666666666666,CMSS1,OG0001608,0.0044497563427628,9.443517516460815,0.0166845931249318,6.800244744496013,0.034069160101256,0.4236411145497141
OG0002269,6,1,['Hirundo_rustica'],0.1666666666666666,NDUFV2,OG0002269,0.0001262881572527,16.56759423859785,0.0072378244550782,8.470574853725338,0.0012914261560166,0.2240277063712011
OG0002266,6,1,['Passer_domesticus'],0.1666666666666666,PPP4R1,OG0002266,0.0144193110351761,7.092079492358607,0.0456611248894469,4.78672164292766,0.0975885375136811,0.5
OG0002259,6,1,['Buteo_buteo'],0.1666666666666666,PRELID3A,OG0002259,0.0079319378459119,8.287421447426368,0.0091107200962956,8.010312691454601,0.0573203446464014,0.2688202589677733
OG0002139,6,1,['Hirundo_rustica'],0.1666666666666666,PRP4K,OG0002139,0.0017184846873447,11.34633038336688,0.0252285076554604,5.973266974351645,0.0143015475931195,0.5
OG0002133,6,1,['Passer_domesticus'],0.1666666666666666,NRN1,OG0002133,2.942593455013132e-07,28.69131430068774,0.0072625190812901,8.463762697854918,4.455671428331244e-06,0.2240277063712011
OG0002026,6,1,['Passer_domesticus'],0.1666666666666666,BMPER,OG0002026,3.143818538831056e-11,46.97970037004961,0.0084425318287262,8.162651710288628,8.12062470324354e-10,0.2520940004057668
OG0002024,6,1,['Falco_peregrinus'],0.1666666666666666,NT5C3A,OG0002024,3.6320946250611996e-13,55.90130543665418,0.001857294971516,11.19097397136557,1.2494740265475509e-11,0.0711010613454731
OG0002009,6,1,['Falco_peregrinus'],0.1666666666666666,KIAA1143,OG0002009,8.678946450402236e-12,49.55394341741521,3.6711430784208694e-08,32.85406096985525,2.4084882993402486e-10,5.170770392530525e-06
OG0001997,6,1,['Hirundo_rustica'],0.1666666666666666,CCR9,OG0001997,0.0008877145609935,12.66742625291954,0.0002793988036901,14.97944642470611,0.0078334722021764,0.0135435848671857
OG0001963,6,1,['Buteo_buteo'],0.1666666666666666,CMTM7,OG0001963,1.030722052486333e-06,26.18420759796663,1.098109880803833e-07,30.66271611787579,1.4463045341749015e-05,1.4133431483104504e-05
OG0001955,6,1,['Passer_domesticus'],0.1666666666666666,CMC1,OG0001955,0.0329047127566606,5.441984412156216,0.0329092099863241,5.441711082168695,0.1985720943641646,0.5
OG0001847,6,1,['Passer_domesticus'],0.1666666666666666,CLXN,OG0001847,0.000155237537034,16.15481387323689,0.0013312469221549,11.8569841199951,0.0015555009583345,0.0543046900212374
OG0001790,6,1,['Hirundo_rustica'],0.1666666666666666,WAC,OG0001790,0.0002957469660722,14.8657182661409,0.0168475956430482,6.78080028732893,0.0028160090583283,0.4248895320113356
OG0001716,6,1,['Passer_domesticus'],0.1666666666666666,ASB10,OG0001716,4.675451014735099e-06,23.16007549124697,0.0001767766515109,15.8949525951266,5.915634207626697e-05,0.0091009496795118
OG0001703,6,1,['Hirundo_rustica'],0.1666666666666666,TIAM1,OG0001703,1.307086258217627e-05,21.10395570978289,0.0065851538758017,8.65958079185657,0.0001566195652904,0.2065469482473119
OG0003693,6,1,['Hirundo_rustica'],0.1666666666666666,SFXN5,OG0003693,2.762662346922351e-05,19.60716690245863,4.310550064889895e-06,23.32259571243048,0.0003148591514469,0.0003250328912565
OG0003566,6,1,['Falco_peregrinus'],0.1666666666666666,BRCC3,OG0003566,1.1434281299571579e-10,44.39734576991577,4.588689928031187e-09,37.01304817815344,2.642628789513989e-09,8.354773247012881e-07
OG0003750,6,1,['Falco_peregrinus'],0.1666666666666666,MXD4,OG0003750,0.0001483266065103,16.24589346870926,0.0001483319354943,16.24582161527269,0.0014902531865409,0.0078230940629834
OG0004743,6,1,['Hirundo_rustica'],0.1666666666666666,TBPL2,OG0004743,1.2406131788544881e-08,35.02385561727533,0.0001327870303768,16.46723361601653,2.309520543677993e-07,0.0072590171296817
OG0005159,6,1,['Passer_domesticus'],0.1666666666666666,TFPI,OG0005159,3.7249733020328086e-08,32.82494775691703,7.068888144279306e-07,26.93849053354825,6.451722900156593e-07,7.329062499589587e-05
OG0005125,6,1,['Passer_domesticus'],0.1666666666666666,ASB1,OG0005125,1.256184406694949e-05,21.18339881315114,0.0001525200555119,16.19013455700406,0.0001510050981638,0.007961973527248
OG0005073,6,1,['Hirundo_rustica'],0.1666666666666666,EMX2,OG0005073,0.0006188135956006,13.38911857617268,0.0339783321785963,5.377770131755369,0.0056610827097532,0.5
OG0005037,6,1,['Hirundo_rustica'],0.1666666666666666,SFR1,OG0005037,3.1031288649785438e-12,51.61092085399196,3.407728821347433e-08,33.00297505867456,9.416608527262127e-11,4.892056856030498e-06
OG0005028,6,1,['Passer_domesticus'],0.1666666666666666,BORCS7,OG0005028,1.009610649460591e-05,21.62042704702617,1.580323965799657e-06,25.32946701959736,0.0001227482654433,0.0001387896282905
OG0004985,6,1,['Passer_domesticus'],0.1666666666666666,PYROXD2,OG0004985,1.4432899320127039e-15,66.98344830158749,0.0098199134472658,7.860391580141368,6.375242214482152e-14,0.2863502104837483
OG0004962,6,1,['Passer_domesticus'],0.1666666666666666,CEP55,OG0004962,3.2474023470285835e-14,60.72867367323488,1.045478509320574e-07,30.76094757248939,1.230551193937481e-12,1.3692100126452782e-05
OG0004952,6,1,['Larus_argentatus'],0.1666666666666666,PPP1R3C,OG0004952,1.010080907803967e-11,49.2505161993704,2.911749084788529e-06,24.10721883355836,2.7519175097651866e-10,0.0002337226550316
OG0004911,6,1,['Falco_peregrinus'],0.1666666666666666,LOC135306502,OG0004911,1.4432899320127039e-15,66.93744415982837,1.415282122052552e-07,30.15523915972517,6.375242214482152e-14,1.7824243312897222e-05
OG0004910,6,1,['Passer_domesticus'],0.1666666666666666,NOLC1,OG0004910,0.0226295585278714,6.190702294576113,0.0417843984502755,4.964170142864532,0.1434197953441923,0.5
OG0004890,6,1,['Passer_domesticus'],0.1666666666666666,DUSP13B,OG0004890,6.690329948932927e-06,22.44340036962058,2.268232444069262e-05,20.0015548305646,8.2962314067748e-05,0.0015118174281229
OG0004848,6,1,['Hirundo_rustica'],0.1666666666666666,ANK3,OG0004848,4.0241677379260217e-08,32.67043089487561,0.0163182385763718,6.84464937026496,6.904262488555848e-07,0.4186104844419781
OG0004810,6,1,['Passer_domesticus'],0.1666666666666666,RNLS,OG0004810,0.0183869653411462,6.60593218053873,0.0186014684687303,6.582735141879311,0.1204036039721602,0.4628665403969066
OG0003756,6,1,['Hirundo_rustica'],0.1666666666666666,MFSD10,OG0003756,3.2440328201488455e-11,46.91694257825475,1.802116834537237e-06,25.06680276869156,8.350587931865908e-10,0.0001546299099979
OG0004797,6,1,['Buteo_buteo'],0.1666666666666666,ANAPC16,OG0004797,1.403453463122428e-05,20.96168465184928,0.0048123849335976,9.286830618095792,0.0001662980968604,0.1610962041672934
OG0001028,6,1,['Passer_domesticus'],0.1666666666666666,SH3BGR,OG0001028,1.47332382051113e-05,20.86451466745802,0.00160952845827,11.477333690877,0.0001740247202549,0.0639102656435425
OG0005274,6,1,['Buteo_buteo'],0.1666666666666666,DCAF17,OG0005274,8.331003306660811e-07,26.60992915306815,0.0164680406659337,6.826373050356779,1.1823372563540486e-05,0.4195728404526932
OG0005279,6,1,['Falco_peregrinus'],0.1666666666666666,SP5,OG0005279,0.0,103.6764974926227,0.0,80.37575358317463,0.0,0.0
OG0005501,6,1,['Passer_domesticus'],0.1666666666666666,DET1,OG0005501,4.131361919235133e-12,51.03853731938216,0.0006304990525939,13.35170344935796,1.2238339971067569e-10,0.0279905160438378
OG0005732,6,1,['Passer_domesticus'],0.1666666666666666,LOC135279258,OG0005732,1.702377143308897e-06,25.18067556708411,2.798336427745074e-06,24.18667653958164,2.298055221482987e-05,0.0002270606677512
OG0005682,6,1,['Passer_domesticus'],0.1666666666666666,LOC135280816,OG0005682,4.046207813246383e-13,55.68544455056326,5.3838766778113716e-11,45.90375990624489,1.372951878449284e-11,1.2178981636321784e-08
OG0005678,6,1,['Passer_domesticus'],0.1666666666666666,RBPMS2,OG0005678,0.0010225908121734,12.38453735924304,0.0252281710699562,5.973293657479644,0.008959671846097,0.5
OG0005669,6,1,['Passer_domesticus'],0.1666666666666666,CPEB1,OG0005669,3.396527503696234e-11,46.82507210037875,0.0041422727207409,9.586726989802628,8.713085159825561e-10,0.143823562141074
OG0005664,6,1,['Falco_peregrinus'],0.1666666666666666,PKM,OG0005664,0.0123927495021983,7.394993028883619,0.0488255055398493,4.652710535292499,0.0852644009529128,0.5
OG0005614,6,1,['Hirundo_rustica'],0.1666666666666666,USP3,OG0005614,0.0007730015267789,12.94416470747274,0.0340849708458187,5.371503097994719,0.0069273186043275,0.5
OG0005474,6,1,['Falco_peregrinus'],0.1666666666666666,TM6SF1,OG0005474,2.720046410331634e-15,65.68090756767924,0.0137797837198734,7.182811056462924,1.1471834154308277e-13,0.3647733527264367
OG0005288,6,1,['Passer_domesticus'],0.1666666666666666,CERS6,OG0005288,1.998234910871588e-12,52.49124378730994,0.000204369256616,15.60486987676813,6.163976698205126e-11,0.0101707766709251
OG0005472,6,1,['Hirundo_rustica'],0.1666666666666666,C14H15orf40,OG0005472,2.424685203505916e-06,24.47332334894645,2.393658463661907e-07,29.10425107408219,3.203588503393215e-05,2.775131699599677e-05
OG0005457,6,1,['Passer_domesticus'],0.1666666666666666,FGF7,OG0005457,0.001314767396835,11.88189666605285,0.0016571361257324,11.41903442296689,0.0112040395175499,0.0647818871974069
OG0005398,6,1,['Falco_peregrinus'],0.1666666666666666,LYPD1,OG0005398,9.07274255723678e-12,49.46520074464524,1.054550610724014e-06,26.13849732535618,2.4991890475930826e-10,0.0001025107121339
OG0005377,6,1,['Buteo_buteo'],0.1666666666666666,SNX4,OG0005377,0.0127195947595271,7.342928799194851,0.0471098045191712,4.724253910451807,0.0871917124700366,0.5
OG0005364,6,1,['Passer_domesticus'],0.1666666666666666,SLC15A2,OG0005364,0.0008615237034559,12.72732161539716,0.0092684343949843,7.975987245179567,0.0076361799794239,0.2713288735629722
OG0005344,6,1,['Falco_peregrinus'],0.1666666666666666,TMEM169,OG0005344,7.299911821689875e-07,26.87417240321702,9.502434046737562e-06,21.74163079243681,1.0439433285232743e-05,0.0006820737515278
OG0004764,6,1,['Hirundo_rustica'],0.1666666666666666,GPR137C,OG0004764,6.308761679729713e-09,36.37635848513219,1.737569843374143e-05,20.53458157837849,1.21931495568228e-07,0.0011791780800716
OG0004800,6,1,['Hirundo_rustica'],0.1666666666666666,MCU,OG0004800,0.0039205830459652,9.696735439032636,0.0259883108231662,5.913922490540244,0.0302034596884729,0.5
OG0004643,6,1,['Passer_domesticus'],0.1666666666666666,ASB2,OG0004643,7.456868456046095e-12,49.85748054021497,3.719870506069256e-06,23.61734903993238,2.0926888355031615e-10,0.0002892586804979
OG0003992,6,1,['Falco_peregrinus'],0.1666666666666666,ELOVL6,OG0003992,3.310887206064983e-07,28.45546455785188,2.022352118824511e-06,24.83620425637264,4.95306072009521e-06,0.0001696276243485
OG0004099,6,1,['Passer_domesticus'],0.1666666666666666,METAP1,OG0004099,1.2377055713663762e-08,35.02854848887091,0.022588039239702,6.194375138945361,2.309520543677993e-07,0.5
OG0004093,6,1,['Passer_domesticus'],0.1666666666666666,EMCN,OG0004093,0.0,85.77277862243682,1.067440580371226e-11,49.14004695193398,0.0,2.570465784668129e-09
OG0004090,6,1,['Hirundo_rustica'],0.1666666666666666,C4H4orf33,OG0004090,0.0011063856467871,12.22701914017307,0.0214818725802716,6.294797309561545,0.0096485617444698,0.5
OG0004040,6,1,['Passer_domesticus'],0.1666666666666666,CCNG2,OG0004040,6.003749469796205e-07,27.26512856951649,0.0060663577430406,8.823699431665773,8.719453266931647e-06,0.1943577706085771
OG0004030,6,1,['Hirundo_rustica'],0.1666666666666666,RUFY3,OG0004030,1.2689849171465542e-13,58.00488846279222,0.0002064459279018,15.58464969939632,4.5325226825354176e-12,0.010206085111175
OG0004005,6,1,['Passer_domesticus'],0.1666666666666666,DKK2,OG0004005,1.749070554502019e-07,29.73172787070553,0.0448882542179026,4.820863873318558,2.7088820932277123e-06,0.5
OG0003972,6,1,['Passer_domesticus'],0.1666666666666666,ARL9,OG0003972,0.0027093875235502,10.43577099039157,0.0021525253513591,10.89593272717775,0.0216316340783986,0.0815665063344968
OG0004255,6,1,['Passer_domesticus'],0.1666666666666666,DNAJC24,OG0004255,3.157841324158417e-05,19.33977923113389,0.000340150630897,14.58594965181101,0.0003571709921945,0.016382093288044
OG0003940,6,1,['Falco_peregrinus'],0.1666666666666666,TMEM144,OG0003940,2.7488622489357788e-11,47.24820546749834,0.000474353314242,13.92082188945824,7.149915222406131e-10,0.0214608938837392
OG0003930,6,1,['Passer_domesticus'],0.1666666666666666,TMEM192,OG0003930,0.0038603386521456,9.727706370258602,0.0409267129006873,5.005650242927913,0.0298008562960367,0.5
OG0003883,6,1,['Falco_peregrinus'],0.1666666666666666,TUSC3,OG0003883,4.412162746270099e-09,37.09150732703711,0.0004212317862024,14.15836026845227,8.667577605501657e-08,0.019471611820895
OG0003808,6,1,['Passer_domesticus'],0.1666666666666666,SOD3,OG0003808,0.0055969208167152,8.984783012232583,0.0061693536025269,8.790028061254816,0.0419488091333126,0.1959754240121844
OG0003806,6,1,['Falco_peregrinus'],0.1666666666666666,PPARGC1A,OG0003806,3.156874373372309e-05,19.34039173743622,8.464820484394009e-05,17.36771895181482,0.0003571709921945,0.0049367097590626
OG0003787,6,1,['Corvus_moneduloides'],0.1666666666666666,RAB28,OG0003787,0.0325492057935201,5.463710259403797,0.0324310832061892,5.470981554700302,0.1970639263979137,0.5
OG0004193,6,1,['Buteo_buteo'],0.1666666666666666,SYT12,OG0004193,1.190902694014895e-06,25.89530358296724,0.0042479468093325,9.536344671912955,1.6432696138301647e-05,0.1461332853993892
OG0004181,6,1,['Hirundo_rustica'],0.1666666666666666,LOC135303690,OG0004181,0.0071314783233187,8.500179094131454,0.0007551127261664,12.99099266634312,0.0522951725771853,0.0327727703536781
OG0004257,6,1,['Passer_domesticus'],0.1666666666666666,ELP4,OG0004257,0.0027277003384884,10.42229842224333,0.012086447063546,7.44504670203969,0.021731358619868,0.3317107622403342
OG0004313,6,1,['Hirundo_rustica'],0.1666666666666666,WEE1,OG0004313,2.502669155246551e-08,33.62035147881033,0.039360254374589,5.083703127083936,4.427114986709835e-07,0.5
OG0004451,6,1,['Passer_domesticus'],0.1666666666666666,PPP1R14D,OG0004451,0.0002306895115338,15.36258135393882,0.0317490780666838,5.513488821653709,0.0022423140671874,0.5
OG0004434,6,1,['Hirundo_rustica'],0.1666666666666666,ARHGAP1,OG0004434,5.432129561389054e-06,22.86006427194479,0.0027232969457616,10.42552967953816,6.849805266177245e-05,0.0996539789221103
OG0004430,6,1,['Passer_domesticus'],0.1666666666666666,ARFGAP2,OG0004430,1.22920856826525e-09,39.64749631006089,0.0016774644349019,11.39464942017185,2.577539876994408e-08,0.0652201667007456
OG0004406,6,1,['Hirundo_rustica'],0.1666666666666666,LUZP2,OG0004406,0.002955363089173,10.26197316469552,0.0007610315930478,12.97537701056353,0.0233953186221386,0.0328387331913424
OG0004381,6,1,['Buteo_buteo'],0.1666666666666666,RASSF7,OG0004381,6.82282194075512e-08,31.61452080499294,0.0054198371023548,9.049084676780694,1.1218582772629287e-06,0.1790224954384036
OG0004370,6,1,['Buteo_buteo'],0.1666666666666666,TOLLIP,OG0004370,0.0245389304371641,6.028694489217742,0.0245321306978896,6.029248766150886,0.1536771104978442,0.5
OG0004350,6,1,['Hirundo_rustica'],0.1666666666666666,NAP1L4,OG0004350,1.070242086231854e-06,26.10895701151276,4.189421488054457e-07,27.98477163135976,1.4933377894805216e-05,4.66776588183978e-05
OG0009826,6,1,['Passer_domesticus'],0.1666666666666666,MAPK15,OG0009826,2.442490654175344e-15,65.92352885341097,6.213173507835235e-05,17.98621297438331,1.0418967276239397e-13,0.0037576600456306
OG0004284,6,1,['Passer_domesticus'],0.1666666666666666,LOC135303614,OG0004284,8.511957805268365e-11,44.98763371056339,1.498745662575907e-07,30.04063987426889,2.010815348617986e-09,1.8341207165785485e-05
OG0004591,6,0,[],0.0,IFT43,OG0004591,1.948525724215777e-06,24.91058065935977,0.00127267909798,11.94696778792149,2.6114442605513063e-05,0.0522008212440725
OG0002900,6,0,[],0.0,STON1,OG0002900,0.0155609480222145,6.93968730940469,0.0271221579048611,5.82851413960816,0.1041815937092662,0.5
OG0008852,6,0,[],0.0,OSBPL2,OG0008852,0.0,77.88457108172952,1.110223024625157e-16,72.43643440500273,0.0,6.375242214482152e-14
OG0007822,6,0,[],0.0,VHL,OG0007822,0.0107321247986054,7.682733074669159,0.0111608497847528,7.604391997665516,0.0752256447151078,0.313539832953416
OG0006355,6,0,[],0.0,ZNHIT6,OG0006355,0.0006515637958471,13.28597612840167,0.0047727239130756,9.303381811204416,0.0059388568205119,0.16048821626626
OG0008880,6,0,[],0.0,AURKA,OG0008880,0.0172936381956651,6.728538797911824,0.0422350924685554,4.94271329582989,0.1142451408235751,0.5
OG0005906,6,0,[],0.0,DEF8,OG0005906,0.0,102.2043511372012,5.586398870643938e-05,18.19888682814781,0.0,0.0034182350466686
OG0002357,6,0,[],0.0,TRIM55,OG0002357,3.891387212462405e-12,51.1582160418784,0.0077836686294325,8.325160650454563,1.1619682216412739e-10,0.2371636176274033
OG0004357,6,0,[],0.0,ASCL2,OG0004357,0.0286005277946293,5.722365852921939,0.0286503141684975,5.718887379263833,0.1754064686729785,0.5
OG0005242,6,0,[],0.0,PLEKHA3,OG0005242,8.855497642956678e-07,26.48782000335268,0.0054749352197719,9.028855309693428,1.2496463119975727e-05,0.1800457771612243
OG0007626,6,0,[],0.0,IQSEC1,OG0007626,0.0,79.06151101564683,0.0474486798961691,4.70991878950008,0.0,0.5
OG0006313,6,0,[],0.0,LOC135305224,OG0006313,2.671865972930787e-05,19.67400237975562,0.0059607931155445,8.85880910634478,0.0003054437900142,0.1926290935391359
OG0009616,6,0,[],0.0,LOC135284566,OG0009616,0.0029285069080174,10.28023078607293,0.0103375921670306,7.757642244738236,0.023231991571042,0.3002728619723111
OG0001945,6,0,[],0.0,NKIRAS1,OG0001945,0.0,119.6316531578941,0.0,112.2674386925046,0.0,0.0
OG0004273,6,0,[],0.0,FAR1,OG0004273,9.76892004916352e-05,17.08114472392481,0.0240649715668833,6.067701554466112,0.0010271125093944,0.5
OG0003230,6,0,[],0.0,MTCL3,OG0003230,0.0031163930454133,10.1558636812224,0.0026142139183444,10.50728930197511,0.0245140928177143,0.0961335315292689
